{"_step":12,"train/loss":7.549788773059845,"train/lr":7.692307692307694e-07,"train/epoch":1,"_wandb":{"runtime":1570},"_runtime":1570.621687393,"_timestamp":1.7791233836619916e+09}