{"epoch/epoch":3,"train/lr":1.3813576683111007e-09,"_runtime":5026.776772392,"train/epoch":3,"_step":212,"_timestamp":1.7791291202369232e+09,"train/loss":0.7074878811836243,"_wandb":{"runtime":5026},"epoch/avg_loss":0.7298586242373141}