{"rollout/gen_correct_reward_when_fail":0.05882352941176471,"rollout/avg_correct_steps":3.59375,"rollout/action_accuracy":0.38666666666666666,"rollout/gen_correct_reward_improvement":0.40384615384615385,"rollout/correct_to_solve_ratio":0.9311740890688259,"rollout/answer_per_sub_iter":21.333333333333332,"rollout/correct_rate":0.23958333333333334,"rollout/avg_gen_steps":5.859375,"rollout/avg_solve_reward":0.39595141700404857,"rollout/min_steps":3,"rollout/sub_iters":3,"_runtime":722.978764202,"rollout/avg_gen_reward":0.32613333333333333,"rollout/n_trajectories":64,"_wandb":{"runtime":722},"rollout/patcher_reward_when_success":0.7941176470588235,"rollout/have_answer_rate":0.46875,"rollout/max_steps":25,"rollout/gen_correct_success_rate":0.203125,"rollout/gen_correct_reward_when_success":0.7115384615384616,"_step":0,"rollout/avg_reward":0.3484276729559748,"rollout/n_patcher_wrong":51,"rollout/patcher_called_rate":0.953125,"rollout/avg_gen_correct_calls":2,"rollout/avg_solve_steps":3.859375,"rollout/patcher_reward_improvement":0.7411764705882353,"rollout/patcher_success_rate":0.5,"rollout/avg_correct_reward":0.29739130434782607,"rollout/avg_steps":7.453125,"rollout/avg_max_consecutive_correct":1.953125,"rollout/patcher_wrong_rate":0.796875,"_timestamp":1.774169658584707e+09}