{"train/lr":0,"epoch/epoch":3,"_step":783,"train/loss":1.5345073491334915,"_wandb":{"runtime":34066},"train/epoch":3,"epoch/avg_loss":1.5633081982761508,"_runtime":34066.624167225,"_timestamp":1.7791588994281538e+09}