{"train_loss":0.41179524739583334,"train/loss":0.3553,"train/grad_norm":1.4152792692184448,"eval/loss":0.6237812638282776,"train/kl":0.8671875,"eval/samples_per_second":62.311,"_wandb":{"runtime":6937},"train/step_loss":0.1474609375,"train/train_acc":0.9552561044692993,"_runtime":6937.789502533,"train_samples_per_second":1.047,"eval/steps_per_second":3.988,"total_flos":1.3199874984320696e+18,"train/global_step":225,"eval/runtime":8.0242,"train_runtime":6857.4405,"train_steps_per_second":0.033,"eval/acc":0.8339941501617432,"_timestamp":1.7763437990478632e+09,"train/epoch":3,"train/learning_rate":0,"_step":229}