{"rollout/avg_steps":4.09375,"rollout/avg_max_consecutive_correct":1.890625,"train/entropy":0.5624038696289063,"rollout/avg_gen_correct_calls":1.265625,"_runtime":3557.045020277,"rollout/correct_rate":0.484375,"val/acc_prealgebra":0.573170731707317,"val/acc_level_4":0.375,"rollout/patcher_reward_when_success":0.9285714285714286,"rollout/sub_iters":1,"rollout/gen_correct_reward_improvement":0.4846153846153846,"rollout/patcher_success_rate":0.5147058823529411,"val/acc_precalculus":0.25,"rollout/avg_gen_reward":0.2572164948453608,"val/acc_counting_&_probability":0.2894736842105263,"rollout/answer_per_sub_iter":64,"val/acc_level_1":0.7674418604651163,"val/n_total":500,"train/kl":0.7589381217956542,"val/acc_number_theory":0.532258064516129,"rollout/patcher_wrong_rate":0.515625,"rollout/gen_correct_reward_when_fail":0.03676470588235294,"rollout/n_trajectories":64,"rollout/avg_gen_steps":3.03125,"rollout/action_accuracy":0.18556701030927836,"train/pg_loss":0.1708275633371765,"rollout/min_steps":2,"rollout/patcher_called_rate":0.890625,"rollout/avg_reward":0.3187022900763359,"rollout/gen_correct_success_rate":0.16049382716049382,"rollout/avg_correct_steps":2.328125,"val/acc_level_5":0.2462686567164179,"rollout/correct_to_solve_ratio":1.3185840707964602,"val/acc_algebra":0.5483870967741935,"_timestamp":1.7742230082415323e+09,"val/acc_level_3":0.5523809523809524,"rollout/have_answer_rate":0.828125,"val/acc_geometry":0.3902439024390244,"rollout/avg_correct_reward":0.312751677852349,"rollout/max_steps":10,"val/acc_intermediate_algebra":0.3402061855670103,"val/accuracy":0.444,"train/loss":0.2087744694269592,"rollout/gen_correct_reward_when_success":0.8076923076923077,"val/acc_level_2":0.5555555555555556,"_wandb":{"runtime":3557},"rollout/n_patcher_wrong":33,"val/n_correct":222,"rollout/patcher_reward_improvement":0.8914285714285715,"rollout/avg_solve_reward":0.32654867256637166,"rollout/avg_solve_steps":1.765625,"_step":1}