{"_wandb":{"runtime":19903},"_runtime":19903.738552607,"train/lr":2.216825260858979e-11,"train/epoch":3,"_step":829,"_timestamp":1.779119105536632e+09,"train/loss":0.776820570230484,"epoch/avg_loss":0.8106537271506976,"epoch/epoch":3}