{"_wandb":{"runtime":37563},"_step":656,"train/lr":5.59423432245354e-10,"_runtime":37563.515592945,"train/epoch":3,"epoch/epoch":2,"train/loss":1.1192039549350739,"epoch/avg_loss":1.7800061879171567,"_timestamp":1.7791632030046754e+09}