{"train/lr":0,"train/epoch":3,"epoch/epoch":3,"train/loss":1.197818599641323,"_step":660,"epoch/avg_loss":1.2845007622614504,"_wandb":{"runtime":10514},"_timestamp":1.7791821599210398e+09,"_runtime":10514.785445439}