{"train/kl":0.7890625,"_wandb":{"runtime":2153},"train/learning_rate":3.409090909090909e-06,"train/train_acc":0.7863280773162842,"_runtime":2152.93219478,"train/global_step":75,"train/epoch":1,"_timestamp":1.7763316720475674e+09,"train/step_loss":0.76171875,"_step":74,"train/loss":0.6997,"train/grad_norm":5.436000347137451}