{"rollout/correct_to_solve_ratio":1.3636363636363635,"val/n_correct":209,"train/entropy":0.6033220291137696,"rollout/avg_solve_steps":1.890625,"rollout/avg_solve_reward":0.2900826446280992,"train/kl":0.007089567945028345,"val/acc_counting_&_probability":0.39473684210526316,"rollout/gen_correct_reward_improvement":0.6444444444444445,"_step":5,"_wandb":{"runtime":6324},"train/pg_loss":0.0737721519372523,"val/acc_intermediate_algebra":0.29896907216494845,"rollout/patcher_reward_improvement":0.8583333333333334,"rollout/max_steps":9,"rollout/action_accuracy":0.17307692307692307,"rollout/avg_gen_reward":0.22692307692307692,"rollout/avg_steps":4.46875,"rollout/patcher_success_rate":0.6153846153846154,"val/acc_level_4":0.3359375,"val/acc_number_theory":0.5806451612903226,"val/acc_prealgebra":0.5121951219512195,"val/acc_geometry":0.34146341463414637,"rollout/patcher_reward_when_success":0.90625,"rollout/avg_max_consecutive_correct":1.953125,"train/loss":0.07412663033450372,"rollout/gen_correct_success_rate":0.10344827586206896,"val/acc_level_1":0.7674418604651163,"rollout/avg_gen_steps":3.25,"rollout/n_trajectories":64,"_runtime":6324.509343445,"val/acc_level_3":0.5047619047619047,"rollout/patcher_wrong_rate":0.46875,"rollout/avg_gen_correct_calls":1.359375,"rollout/patcher_called_rate":0.953125,"rollout/gen_correct_reward_when_success":0.9444444444444444,"val/acc_level_5":0.1791044776119403,"rollout/n_patcher_wrong":30,"val/accuracy":0.418,"rollout/avg_reward":0.32167832167832167,"rollout/min_steps":2,"_timestamp":1.7742332466045666e+09,"val/acc_level_2":0.6222222222222222,"val/n_total":500,"val/acc_algebra":0.4838709677419355,"rollout/have_answer_rate":0.859375,"rollout/sub_iters":1,"rollout/correct_rate":0.53125,"rollout/answer_per_sub_iter":64,"rollout/avg_correct_steps":2.578125,"rollout/avg_correct_reward":0.34484848484848485,"val/acc_precalculus":0.23214285714285715,"rollout/gen_correct_reward_when_fail":0.046153846153846156}