{"rollout/patcher_reward_improvement":0.8877551020408163,"rollout/n_trajectories":64,"rollout/sub_iters":1,"rollout/avg_correct_steps":2.453125,"rollout/action_accuracy":0.18686868686868688,"rollout/avg_gen_reward":0.21464646464646464,"val/acc_geometry":0.3902439024390244,"val/n_total":500,"rollout/patcher_success_rate":0.6621621621621622,"_wandb":{"runtime":2882},"rollout/correct_to_solve_ratio":1.3652173913043477,"rollout/answer_per_sub_iter":64,"_step":2,"rollout/avg_solve_reward":0.2773913043478261,"val/acc_precalculus":0.16071428571428573,"val/acc_level_4":0.359375,"rollout/avg_reward":0.32683823529411765,"rollout/gen_correct_reward_when_fail":0.041891891891891894,"rollout/patcher_reward_when_success":0.9244897959183673,"rollout/avg_gen_correct_calls":1.296875,"rollout/avg_correct_reward":0.3630573248407643,"rollout/patcher_called_rate":0.9375,"_timestamp":1.7742266291092792e+09,"train/pg_loss":0.17616813418978075,"train/kl":0.0036107594768206275,"rollout/avg_solve_steps":1.796875,"val/acc_algebra":0.41935483870967744,"rollout/min_steps":3,"train/loss":0.1763486721636218,"rollout/avg_max_consecutive_correct":1.9375,"val/acc_level_2":0.5111111111111111,"val/accuracy":0.362,"val/acc_level_3":0.37142857142857144,"rollout/gen_correct_reward_when_success":0.8333333333333334,"rollout/correct_rate":0.609375,"_runtime":2882.308094053,"rollout/max_steps":9,"val/acc_counting_&_probability":0.34210526315789475,"val/acc_intermediate_algebra":0.24742268041237114,"rollout/avg_gen_steps":3.09375,"rollout/n_patcher_wrong":25,"val/acc_level_1":0.6511627906976745,"rollout/have_answer_rate":0.9375,"rollout/patcher_wrong_rate":0.390625,"rollout/gen_correct_reward_improvement":0.5222222222222223,"train/entropy":0.6525740305582682,"val/n_correct":181,"val/acc_prealgebra":0.45121951219512196,"val/acc_level_5":0.16417910447761194,"rollout/gen_correct_success_rate":0.10843373493975904,"val/acc_number_theory":0.4838709677419355,"rollout/avg_steps":4.25}