{"_wandb":{"runtime":4109},"rollout/patcher_called_rate":0.765625,"rollout/sub_iters":17,"rollout/patcher_wrong_rate":0.6875,"_timestamp":1.774025553855854e+09,"rollout/patcher_reward_improvement":0.19411764705882353,"rollout/avg_reward":0.3717062634989201,"rollout/avg_gen_correct_calls":2.1875,"rollout/gen_correct_reward_when_fail":0.08041237113402062,"rollout/avg_solve_reward":0.5287610619469026,"rollout/avg_max_consecutive_correct":3.234375,"rollout/action_accuracy":0.49453551912568305,"rollout/avg_gen_steps":5.71875,"rollout/gen_correct_reward_when_success":0.7674418604651163,"rollout/n_patcher_wrong":44,"rollout/n_trajectories":64,"rollout/gen_correct_success_rate":0.30714285714285716,"rollout/correct_to_solve_ratio":1.0486725663716814,"rollout/patcher_success_rate":0.2786885245901639,"rollout/avg_steps":7.234375,"rollout/answer_per_sub_iter":3.764705882352941,"rollout/avg_solve_steps":3.53125,"rollout/gen_correct_reward_improvement":0.5209302325581395,"rollout/patcher_reward_when_success":0.5882352941176471,"rollout/avg_correct_steps":3.703125,"_step":0,"rollout/max_steps":12,"_runtime":4109.589250809,"rollout/avg_gen_reward":0.4379781420765027,"rollout/avg_correct_reward":0.2219409282700422}