{"train/epoch":1,"_timestamp":1.7791240299012854e+09,"_step":9,"train/loss":8.88819682598114,"train/lr":5.769230769230769e-07,"_wandb":{"runtime":573},"_runtime":573.479375433}